"item","Jan/jan","Feb/fev","Mar/mar","Apr/avr","May/mai","Jun/jui","Jul/jui","Aug/aou","Sep/sep","Oct/oct","Nov/nov","Dec/dec","...14","...15","...16","...17","...18","...19","...20","...21","...22","...23","...24"
"WHITEHORSE Pump Price / Prix au detail","179.9",184.9,181.7,161.9,161.9,161.9,161.9,161.9,161.9,158.3,149.9,149.9,NA,NA,NA,NA,NA,NA,NA,NA,NA,NA,NA
"(Western Weighted Average)   Crude Costs / Cout de brut","62.1",58.3,57.1,54,51.3,56.3,55.5,52.5,51.5,48.6,47.9,45.9,NA,NA,NA,NA,NA,NA,NA,NA,NA,NA,NA
"Refiner Operating Margin / Marge du raffinage","48.3",58.9,55.9,58.3,70,55.7,55.9,63.7,66.4,59.9,60.6,48.3,NA,NA,NA,NA,NA,NA,NA,NA,NA,NA,NA
"Marketing Operating Margin / Marge beneficiare du distributeur","27.1",25.1,26.2,25.7,16.7,26,26.6,21.7,20.1,26.1,18.1,32.4,NA,NA,NA,NA,NA,NA,NA,NA,NA,NA,NA
"Taxes","42.4",42.6,42.5,23.9,23.9,23.9,23.9,23.9,23.9,23.7,23.3,23.3,NA,NA,NA,NA,NA,NA,NA,NA,NA,NA,NA
"Tax Components:           Federal Excise Tax","10",10,10,10,10,10,10,10,10,10,10,10,NA,NA,NA,NA,NA,NA,NA,NA,NA,NA,NA
"GST/HST","8.6",8.8,8.7,7.7,7.7,7.7,7.7,7.7,7.7,7.5,7.1,7.1,NA,NA,NA,NA,NA,NA,NA,NA,NA,NA,NA
"Provincial","23.8",23.8,23.8,6.2,6.2,6.2,6.2,6.2,6.2,6.2,6.2,6.2,NA,NA,NA,NA,NA,NA,NA,NA,NA,NA,NA
"VANCOUVER* Pump Price / Prix au detail","181.6",188.7,183.4,165.9,173.8,165.6,164.3,168.8,171.8,161.9,161.7,147.1,NA,NA,NA,NA,NA,NA,NA,NA,NA,NA,NA
"(Western Weighted Average)   Crude Costs / Cout de brut","62.1",58.3,57.1,54,51.3,56.3,55.5,52.5,51.5,48.6,47.9,45.9,NA,NA,NA,NA,NA,NA,NA,NA,NA,NA,NA
"Refiner Operating Margin / Marge du raffinage","48.3",58.9,55.9,58.3,70,55.7,55.9,63.7,66.4,59.9,60.6,48.3,NA,NA,NA,NA,NA,NA,NA,NA,NA,NA,NA
"Marketing Operating Margin / Marge beneficiare du distributeur","7.9",7.9,7,8.8,7.2,8.7,8.1,7.5,8.7,8.7,8.6,8.9,NA,NA,NA,NA,NA,NA,NA,NA,NA,NA,NA
"Taxes","63.3",63.6,63.3,44.9,45.3,44.9,44.8,45,45.2,44.7,44.7,44,NA,NA,NA,NA,NA,NA,NA,NA,NA,NA,NA
"Tax Components:           Federal Excise Tax","10",10,10,10,10,10,10,10,10,10,10,10,NA,NA,NA,NA,NA,NA,NA,NA,NA,NA,NA
"GST/HST","8.6",9,8.7,7.9,8.3,7.9,7.8,8,8.2,7.7,7.7,7,NA,NA,NA,NA,NA,NA,NA,NA,NA,NA,NA
"Provincial(apportioned to various agencies)","32.1",32.1,32.1,14.5,14.5,14.5,14.5,14.5,14.5,14.5,14.5,14.5,NA,NA,NA,NA,NA,NA,NA,NA,NA,NA,NA
"Additional Tax in the Greater Vancouver Transit Area","12.5",12.5,12.5,12.5,12.5,12.5,12.5,12.5,12.5,12.5,12.5,12.5,NA,NA,NA,NA,NA,NA,NA,NA,NA,NA,NA
"YELLOWKNIFE Pump Price / Prix au detail","162.6",162.2,162.7,144.7,142.5,143.8,144.6,145.5,146,145,144.3,139.2,NA,NA,NA,NA,NA,NA,NA,NA,NA,NA,NA
"(Western Weighted Average)   Crude Costs / Cout de brut","62.1",58.3,57.1,54,51.3,56.3,55.5,52.5,51.5,48.6,47.9,45.9,NA,NA,NA,NA,NA,NA,NA,NA,NA,NA,NA
"Refiner Operating Margin / Marge du raffinage","27.9",32.1,33.2,35.9,39,32.7,33.8,39.2,38,34.2,36.8,29.5,NA,NA,NA,NA,NA,NA,NA,NA,NA,NA,NA
"Marketing Operating Margin / Marge beneficiare du distributeur","26.5",25.8,26.3,27.2,24.7,27.1,27.8,26.2,28.8,34.6,32,36.6,NA,NA,NA,NA,NA,NA,NA,NA,NA,NA,NA
"Taxes","46.1",46,46.1,27.6,27.5,27.6,27.6,27.6,27.7,27.6,27.6,27.3,NA,NA,NA,NA,NA,NA,NA,NA,NA,NA,NA
"Tax Components:           Federal Excise Tax","10",10,10,10,10,10,10,10,10,10,10,10,NA,NA,NA,NA,NA,NA,NA,NA,NA,NA,NA
"GST/HST","7.7",7.7,7.7,6.9,6.8,6.8,6.9,6.9,6.9,6.9,6.9,6.6,NA,NA,NA,NA,NA,NA,NA,NA,NA,NA,NA
"Provincial","28.3",28.3,28.3,10.7,10.7,10.7,10.7,10.7,10.7,10.7,10.7,10.7,NA,NA,NA,NA,NA,NA,NA,NA,NA,NA,NA
"CALGARY* Pump Price / Prix au detail","149.19999999999999",150.2,148.1,130,131.6,131.3,130.2,132.9,132.3,124.9,126.7,114.4,NA,NA,NA,NA,NA,NA,NA,NA,NA,NA,NA
"(Western Weighted Average)   Crude Costs / Cout de brut","62.1",58.3,57.1,54,51.3,56.3,55.5,52.5,51.5,48.6,47.9,45.9,NA,NA,NA,NA,NA,NA,NA,NA,NA,NA,NA
"Refiner Operating Margin / Marge du raffinage","30.3",34.5,35.6,38.3,41.4,35.1,36.2,41.6,40.4,36.6,39.2,31.9,NA,NA,NA,NA,NA,NA,NA,NA,NA,NA,NA
"Marketing Operating Margin / Marge beneficiare du distributeur","9",9.6,7.7,8.6,9.6,10.5,9.3,9.5,11.1,10.8,10.6,8.1,NA,NA,NA,NA,NA,NA,NA,NA,NA,NA,NA
"Taxes","47.7",47.8,47.7,29.2,29.3,29.3,29.2,29.3,29.3,29,29,28.5,NA,NA,NA,NA,NA,NA,NA,NA,NA,NA,NA
"Tax Components:           Federal Excise Tax","10",10,10,10,10,10,10,10,10,10,10,10,NA,NA,NA,NA,NA,NA,NA,NA,NA,NA,NA
"GST/HST","7.1",7.2,7,6.2,6.3,6.3,6.2,6.3,6.3,5.9,6,5.4,NA,NA,NA,NA,NA,NA,NA,NA,NA,NA,NA
"Provincial","30.6",30.6,30.6,13,13,13,13,13,13,13,13,13,NA,NA,NA,NA,NA,NA,NA,NA,NA,NA,NA
"REGINA* Pump Price / Prix au detail","149.5",156.9,153.7,138.8,135.2,132.8,131.8,139.4,139.7,131.9,129.1,125.5,NA,NA,NA,NA,NA,NA,NA,NA,NA,NA,NA
"(Western Weighted Average)   Crude Costs / Cout de brut","62.1",58.3,57.1,54,51.3,56.3,55.5,52.5,51.5,48.6,47.9,45.9,NA,NA,NA,NA,NA,NA,NA,NA,NA,NA,NA
"Refiner Operating Margin / Marge du raffinage","29.5",33.7,34.8,37.5,40.6,34.3,35.4,40.8,39.6,35.8,38.4,31.1,NA,NA,NA,NA,NA,NA,NA,NA,NA,NA,NA
"Marketing Operating Margin / Marge beneficiare du distributeur","8.1",14.8,11.9,15.7,11.9,10.8,9.6,14.5,16.9,16.3,11.6,17.6,NA,NA,NA,NA,NA,NA,NA,NA,NA,NA,NA
"Taxes","49.7",50.1,49.9,31.6,31.4,31.3,31.3,31.6,31.7,31.3,31.2,31,NA,NA,NA,NA,NA,NA,NA,NA,NA,NA,NA
"Tax Components:           Federal Excise Tax","10",10,10,10,10,10,10,10,10,10,10,10,NA,NA,NA,NA,NA,NA,NA,NA,NA,NA,NA
"GST/HST","7.1",7.5,7.3,6.6,6.4,6.3,6.3,6.6,6.7,6.3,6.1,6,NA,NA,NA,NA,NA,NA,NA,NA,NA,NA,NA
"Provincial","32.6",32.6,32.6,15,15,15,15,15,15,15,15,15,NA,NA,NA,NA,NA,NA,NA,NA,NA,NA,NA
"WINNIPEG Pump Price / Prix au detail","148",155.6,153,132.2,132.4,132.2,134.6,138,135.3,127,130.6,116.8,NA,NA,NA,NA,NA,NA,NA,NA,NA,NA,NA
"(Western Weighted Average)   Crude Costs / Cout de brut","62.1",58.3,57.1,54,51.3,56.3,55.5,52.5,51.5,48.6,47.9,45.9,NA,NA,NA,NA,NA,NA,NA,NA,NA,NA,NA
"Refiner Operating Margin / Marge du raffinage","30.1",34.3,35.4,38.1,41.2,34.9,36,41.4,40.2,36.4,39,31.7,NA,NA,NA,NA,NA,NA,NA,NA,NA,NA,NA
"Marketing Operating Margin / Marge beneficiare du distributeur","9.1",15.4,13.1,11.3,11.1,12.2,14.2,15,14.6,13.5,15,11.2,NA,NA,NA,NA,NA,NA,NA,NA,NA,NA,NA
"Taxes","46.6",47.5,47.4,28.8,28.8,28.8,28.9,29.1,29,28.6,28.7,28.1,NA,NA,NA,NA,NA,NA,NA,NA,NA,NA,NA
"Tax Components:           Federal Excise Tax","10",10,10,10,10,10,10,10,10,10,10,10,NA,NA,NA,NA,NA,NA,NA,NA,NA,NA,NA
"GST/HST","7",7.4,7.3,6.3,6.3,6.3,6.4,6.6,6.4,6,6.2,5.6,NA,NA,NA,NA,NA,NA,NA,NA,NA,NA,NA
"Provincial","30.1",30.1,30.1,12.5,12.5,12.5,12.5,12.5,12.5,12.5,12.5,12.5,NA,NA,NA,NA,NA,NA,NA,NA,NA,NA,NA
"CITY OF TORONTO* Pump Price / Prix au detail","156.1",155.7,153.6,133.4,136.7,136.6,135.7,136.3,139.4,133.1,137.2,126.2,NA,NA,NA,NA,NA,NA,NA,NA,NA,NA,NA
"(Ontario Weighted Average)   Crude Costs / Cout de brut","66.400000000000006",61.8,61,57.3,55.3,60.4,58.8,56.2,55.7,52.7,52.4,50,NA,NA,NA,NA,NA,NA,NA,NA,NA,NA,NA
"Refiner Operating Margin / Marge du raffinage","25",29.3,28.2,30.5,35,29.1,30.3,33.2,36.2,34,38,29.9,NA,NA,NA,NA,NA,NA,NA,NA,NA,NA,NA
"Marketing Operating Margin / Marge beneficiare du distributeur","10.199999999999999",10.2,10.1,11.3,11.7,12.4,11.9,12.2,12.5,12.1,12.1,12.9,NA,NA,NA,NA,NA,NA,NA,NA,NA,NA,NA
"Taxes","54.6",54.5,54.3,34.3,34.7,34.7,34.6,34.7,35,34.3,34.8,33.5,NA,NA,NA,NA,NA,NA,NA,NA,NA,NA,NA
"Tax Components:           Federal Excise Tax","10",10,10,10,10,10,10,10,10,10,10,10,NA,NA,NA,NA,NA,NA,NA,NA,NA,NA,NA
"GST/HST","18",17.9,17.7,15.3,15.7,15.7,15.6,15.7,16,15.3,15.8,14.5,NA,NA,NA,NA,NA,NA,NA,NA,NA,NA,NA
"Provincial","26.6",26.6,26.6,9,9,9,9,9,9,9,9,9,NA,NA,NA,NA,NA,NA,NA,NA,NA,NA,NA
"MONTRÉAL* Pump Price / Prix au detail","163.30000000000001",162.4,158.5,158.6,160.7,159,156.7,158.7,162.3,153.5,155.8,146.4,NA,NA,NA,NA,NA,NA,NA,NA,NA,NA,NA
"(Atlantic Weighted Average)   Crude Costs / Cout de brut","74.3",70.9,68.1,61.9,59.2,63.4,63.2,61.7,62.2,59.7,59.7,56.8,NA,NA,NA,NA,NA,NA,NA,NA,NA,NA,NA
"Refiner Operating Margin / Marge du raffinage","27",29.3,28.9,34.7,39.6,34,32.9,35.9,37.9,34.1,36.9,30.4,NA,NA,NA,NA,NA,NA,NA,NA,NA,NA,NA
"Marketing Operating Margin / Marge beneficiare du distributeur","8.5",8.8,8.7,9.1,8.8,8.7,8,8.3,8.9,7.6,6.7,7.9,NA,NA,NA,NA,NA,NA,NA,NA,NA,NA,NA
"Taxes","53.5",53.4,52.9,52.9,53.1,52.9,52.6,52.9,53.4,52.2,52.5,51.3,NA,NA,NA,NA,NA,NA,NA,NA,NA,NA,NA
"Tax Components:           Federal Excise Tax","10",10,10,10,10,10,10,10,10,10,10,10,NA,NA,NA,NA,NA,NA,NA,NA,NA,NA,NA
"GST/HST","7.1",7.1,6.9,13.8,7,6.9,13.6,6.9,7.1,13.3,13.5,12.7,NA,NA,NA,NA,NA,NA,NA,NA,NA,NA,NA
"QST(9.975)","14.2",14.1,13.8,6.9,13.9,13.8,6.8,13.8,14.1,6.7,6.8,6.4,NA,NA,NA,NA,NA,NA,NA,NA,NA,NA,NA
"Provincial","19.2",19.2,19.2,19.2,19.2,19.2,19.2,19.2,19.2,19.2,19.2,19.2,NA,NA,NA,NA,NA,NA,NA,NA,NA,NA,NA
"Urban Tax","3",3,3,3,3,3,3,3,3,3,3,3,NA,NA,NA,NA,NA,NA,NA,NA,NA,NA,NA
"SAINT JOHN* Pump Price / Prix au detail","160.69999999999999",163.5,157.1,138,140.3,140.2,140.4,142.9,145.8,145.3,148.7,135.9,NA,NA,NA,NA,NA,NA,NA,NA,NA,NA,NA
"(Atlantic Weighted Average)   Crude Costs / Cout de brut","74.3",70.9,68.1,61.9,59.2,63.4,63.2,61.7,62.2,59.7,59.7,56.8,NA,NA,NA,NA,NA,NA,NA,NA,NA,NA,NA
"Refiner Operating Margin / Marge du raffinage","20.7",24,22.8,27.9,31.1,26,26.9,31.8,31.4,29,32,25.3,NA,NA,NA,NA,NA,NA,NA,NA,NA,NA,NA
"Marketing Operating Margin / Marge beneficiare du distributeur","6.3",8.8,7.1,9.3,10.8,11.6,11.1,9.9,12.4,16.8,16.7,15.1,NA,NA,NA,NA,NA,NA,NA,NA,NA,NA,NA
"Taxes","59.5",59.8,59,38.9,39.2,39.2,39.2,39.6,39.9,39.9,40.3,38.6,NA,NA,NA,NA,NA,NA,NA,NA,NA,NA,NA
"Tax Components:           Federal Excise Tax","10",10,10,10,10,10,10,10,10,10,10,10,NA,NA,NA,NA,NA,NA,NA,NA,NA,NA,NA
"GST/HST","21",21.3,20.5,18,18.3,18.3,18.3,18.6,19,19,19.4,17.7,NA,NA,NA,NA,NA,NA,NA,NA,NA,NA,NA
"Provincial","28.5",28.5,28.5,10.9,10.9,10.9,10.9,10.9,10.9,10.9,10.9,10.9,NA,NA,NA,NA,NA,NA,NA,NA,NA,NA,NA
"HALIFAX* Pump Price / Prix au detail","162.69999999999999",163.1,158,140,142.1,141.4,142.8,145.8,147.4,138.1,143.3,131.9,NA,NA,NA,NA,NA,NA,NA,NA,NA,NA,NA
"(Atlantic Weighted Average)   Crude Costs / Cout de brut","74.3",70.9,68.1,61.9,59.2,63.4,63.2,61.7,62.2,59.7,59.7,56.8,NA,NA,NA,NA,NA,NA,NA,NA,NA,NA,NA
"Refiner Operating Margin / Marge du raffinage","16.600000000000001",19,18.9,25.5,30.1,25,25.9,29.5,29.6,24.6,27.7,21.2,NA,NA,NA,NA,NA,NA,NA,NA,NA,NA,NA
"Marketing Operating Margin / Marge beneficiare du distributeur","7.5",8.9,7.4,9.9,9.8,10.2,10.7,11.2,12.1,11.3,12.8,12.1,NA,NA,NA,NA,NA,NA,NA,NA,NA,NA,NA
"Taxes","64.3",64.4,63.7,42.7,43,42.9,43,43.4,43.6,42.5,43.1,41.7,NA,NA,NA,NA,NA,NA,NA,NA,NA,NA,NA
"Tax Components:           Federal Excise Tax","10",10,10,10,10,10,10,10,10,10,10,10,NA,NA,NA,NA,NA,NA,NA,NA,NA,NA,NA
"GST/HST","21.2",21.3,19.4,17.2,17.4,17.4,17.5,17.9,18.1,17,17.6,16.2,NA,NA,NA,NA,NA,NA,NA,NA,NA,NA,NA
"Provincial","33.1",33.1,33.1,15.5,15.5,15.5,15.5,15.5,15.5,15.5,15.5,15.5,NA,NA,NA,NA,NA,NA,NA,NA,NA,NA,NA
"CHARLOTTETOWN* Pump Price / Prix au detail","170.7",171.2,163.3,146.9,148.6,148.2,147.8,150.2,152.8,146.1,147.3,141.4,NA,NA,NA,NA,NA,NA,NA,NA,NA,NA,NA
"(Atlantic Weighted Average)   Crude Costs / Cout de brut","74.3",70.9,68.1,61.9,59.2,63.4,63.2,61.7,62.2,59.7,59.7,56.8,NA,NA,NA,NA,NA,NA,NA,NA,NA,NA,NA
"Refiner Operating Margin / Marge du raffinage","28.1",31.1,29.3,37.3,39.4,34.3,35.3,38.7,40.4,38.1,38.9,34.6,NA,NA,NA,NA,NA,NA,NA,NA,NA,NA,NA
"Marketing Operating Margin / Marge beneficiare du distributeur","10",10.8,8.5,10,12.2,12.8,11.5,11.7,11.8,10.8,11,13.1,NA,NA,NA,NA,NA,NA,NA,NA,NA,NA,NA
"Taxes","58.4",58.4,57.4,37.6,37.9,37.8,37.8,38.1,38.4,37.5,37.7,36.9,NA,NA,NA,NA,NA,NA,NA,NA,NA,NA,NA
"Tax Components:           Federal Excise Tax","10",10,10,10,10,10,10,10,10,10,10,10,NA,NA,NA,NA,NA,NA,NA,NA,NA,NA,NA
"GST/HST","22.3",22.3,21.3,19.2,19.4,19.3,19.3,19.6,19.9,19.1,19.2,18.4,NA,NA,NA,NA,NA,NA,NA,NA,NA,NA,NA
"Provincial","26.1",26.1,26.1,8.5,8.5,8.5,8.5,8.5,8.5,8.5,8.5,8.5,NA,NA,NA,NA,NA,NA,NA,NA,NA,NA,NA
"ST JOHNS* Pump Price / Prix au detail","169.5",172.1,168.5,149,149.5,150.1,149.8,151.5,154.8,149.6,152.7,143.9,NA,NA,NA,NA,NA,NA,NA,NA,NA,NA,NA
"(Atlantic Weighted Average)   Crude Costs / Cout de brut","74.3",70.9,68.1,61.9,59.2,63.4,63.2,61.7,62.2,59.7,59.7,56.8,NA,NA,NA,NA,NA,NA,NA,NA,NA,NA,NA
"Refiner Operating Margin / Marge du raffinage","29",32.3,30.4,38.8,39.5,34.8,35.3,39.6,40.7,39.5,41.1,34.1,NA,NA,NA,NA,NA,NA,NA,NA,NA,NA,NA
"Marketing Operating Margin / Marge beneficiare du distributeur","9",11.5,12.9,11.4,13.8,14.9,14.3,13,14.2,13.4,14.6,16.8,NA,NA,NA,NA,NA,NA,NA,NA,NA,NA,NA
"Taxes","57.2",57.6,57.1,36.9,37,37.1,37,37.3,37.7,37,37.4,36.3,NA,NA,NA,NA,NA,NA,NA,NA,NA,NA,NA
"Tax Components:           Federal Excise Tax","10",10,10,10,10,10,10,10,10,10,10,10,NA,NA,NA,NA,NA,NA,NA,NA,NA,NA,NA
"GST/HST","22.1",22.5,22,19.4,19.5,19.6,19.5,19.8,20.2,19.5,19.9,18.8,NA,NA,NA,NA,NA,NA,NA,NA,NA,NA,NA
"Provincial","25.1",25.1,25.1,7.5,7.5,7.5,7.5,7.5,7.5,7.5,7.5,7.5,NA,NA,NA,NA,NA,NA,NA,NA,NA,NA,NA
"CANADA AVERAGE Pump Price / Price au detail","159.69999999999999",161.1,158,142.3,145.3,143.8,142.7,144.9,147.1,139.7,142.3,131.1,NA,NA,NA,NA,NA,NA,NA,NA,NA,NA,NA
"Crude Costs/Cout de brut","67.900000000000006",64,62.3,57.5,55,59.7,59,56.6,56.2,53.4,53.1,50.7,NA,NA,NA,NA,NA,NA,NA,NA,NA,NA,NA
"Refiner Operating Margin/Marge du raffinage","28.2",32.6,32.2,36.2,41.4,34.6,35,39,40.7,37.1,40,31.9,NA,NA,NA,NA,NA,NA,NA,NA,NA,NA,NA
"Marketing Operating Margin/Marge beneficiare du distributeur","9.1999999999999993",9.9,9.2,10.3,10.3,10.9,10.4,10.7,11.4,11.1,10.8,11.1,NA,NA,NA,NA,NA,NA,NA,NA,NA,NA,NA
"Taxes","54.5",54.6,54.3,38.4,38.6,38.5,38.4,38.6,38.8,38.2,38.5,37.4,NA,NA,NA,NA,NA,NA,NA,NA,NA,NA,NA
NA,NA,NA,NA,NA,NA,NA,NA,NA,NA,NA,NA,NA,NA,NA,NA,NA,NA,NA,NA,NA,NA,NA,NA
NA,"Prepared by Kalibrate Canada Inc.",NA,NA,NA,NA,NA,NA,NA,NA,NA,NA,NA,NA,NA,NA,NA,NA,NA,NA,NA,NA,NA,NA
